{
  "YOLOv26 baseline": {
    "label": "YOLOv26 baseline",
    "best_epoch": 83,
    "mAP50": 0.85,
    "mAP50-95": 0.70161,
    "precision": 0.90267,
    "recall": 0.7187,
    "final_cls_loss": 0.50093,
    "fps": 98.0,
    "inference_ms": 10.21,
    "params": 2375616,
    "gflops": 5.1926016,
    "per_class": {
      "box": {
        "precision": 0.7244345423889543,
        "recall": 0.78,
        "mAP50": 0.7594731590754957,
        "mAP50-95": 0.6040638263451222
      },
      "bottle": {
        "precision": 0.8783566092846211,
        "recall": 0.8558067072915132,
        "mAP50": 0.9221079246869404,
        "mAP50-95": 0.7915887752693507
      },
      "can": {
        "precision": 0.85701532939795,
        "recall": 0.9263151098427886,
        "mAP50": 0.959425570518575,
        "mAP50-95": 0.8415156752628938
      },
      "package": {
        "precision": 0.918140210205751,
        "recall": 0.5866666666666667,
        "mAP50": 0.7456995170102994,
        "mAP50-95": 0.5707096838943003
      },
      "_all": {
        "precision": 0.844486672819319,
        "recall": 0.7871971209502422,
        "mAP50": 0.8466765428228276,
        "mAP50-95": 0.7019694901929168
      }
    },
    "aux": {}
  },
  "CargoDefect-YOLOv26": {
    "label": "CargoDefect-YOLOv26",
    "best_epoch": 86,
    "mAP50": 0.85406,
    "mAP50-95": 0.69426,
    "precision": 0.88705,
    "recall": 0.76986,
    "final_cls_loss": 0.51186,
    "fps": 52.2,
    "inference_ms": 19.15,
    "params": 2498817,
    "gflops": 6.9138688,
    "per_class": {
      "box": {
        "precision": 0.8589853158218688,
        "recall": 0.76,
        "mAP50": 0.7848133178127772,
        "mAP50-95": 0.606322846410597
      },
      "bottle": {
        "precision": 0.9206554809711406,
        "recall": 0.8592592592592593,
        "mAP50": 0.9394600715532458,
        "mAP50-95": 0.8027650184557119
      },
      "can": {
        "precision": 0.8609344206724838,
        "recall": 0.8545454545454545,
        "mAP50": 0.9401364948394616,
        "mAP50-95": 0.7795691004566515
      },
      "package": {
        "precision": 0.9190362210863613,
        "recall": 0.6054078474832308,
        "mAP50": 0.7529542578451462,
        "mAP50-95": 0.5813806743239004
      },
      "_all": {
        "precision": 0.8899028596379637,
        "recall": 0.7698031403219862,
        "mAP50": 0.8543410355126577,
        "mAP50-95": 0.6925094099117153
      }
    },
    "aux": {
      "scratch": {
        "precision": 0.0,
        "recall": 0.0,
        "mAP50": 0.0
      },
      "crack": {
        "precision": 0.0,
        "recall": 0.0,
        "mAP50": 0.0
      },
      "dent": {
        "precision": 0.0,
        "recall": 0.0,
        "mAP50": 0.0
      },
      "stain": {
        "precision": 0.0,
        "recall": 0.0,
        "mAP50": 0.0
      },
      "none": {
        "precision": 0.505256648113791,
        "recall": 1.0,
        "mAP50": 0.505256648113791
      },
      "_defect_acc": 0.505256648113791,
      "OK": {
        "precision": 0.505256648113791,
        "recall": 1.0,
        "mAP50": 1.0
      },
      "NG": {
        "precision": 0.0,
        "recall": 0.0,
        "mAP50": 0.0
      },
      "_quality_acc": 0.505256648113791,
      "_fp_ok_as_ng": 0,
      "_fn_ng_as_ok": 800
    }
  }
}