{
  "accuracy": 0.5417439703153989,
  "ok_accuracy": 0.09791921664626684,
  "ng_recall": 0.995,
  "false_ok_rate": 0.005,
  "false_ng_rate": 0.9020807833537332,
  "fn_ng_as_ok": 4,
  "fp_ok_as_ng": 737,
  "n_ok": 817,
  "n_ng": 800
}